Residue, B_iso, Occupancy, 2Fo-Fc, Fmodel, CC
 C   1    G,146.743913,1,0.511044755,3.589216131,0.728083727
 C   2    G,136.0347826,1,0.374917449,4.014261607,0.773384427
 C   3    A,107.2463636,1,1.172372575,4.602457109,0.883214698
 C   4    A,89.45772727,1,1.759736194,4.428419808,0.893548776
 C   5    A,68.31181818,1,3.317486072,4.72829707,0.889319949
 C   6    C,59.9895,1,3.670764778,4.75029617,0.909287485
 C   7    U,55.8615,1,3.758520961,4.977458759,0.920825147
 C   8    C,66.018,1,3.266852946,4.867483278,0.86606005
 C   9    C,72.7645,1,2.786188086,4.918326067,0.879879779
 C  10    C,76.513,1,2.36408577,5.112623919,0.884969594
 C  11    G,85.57086957,1,1.637767274,4.436683572,0.880816392
 C  12    A,94.63409091,1,1.89194147,4.162844626,0.901977702
 C  13    C,93.0585,1,2.691483639,4.238760195,0.900261354
 C  14    U,103.79,1,1.901744549,3.728511926,0.848137193
 C  15    U,83.8985,1,2.846689474,4.435006126,0.916016836
 C  16    C,57.297,1,3.76443925,4.951661536,0.935467984
 C  17    C,43.373,1,4.481356332,5.613596708,0.932939487
 C  18    U,39.156,1,4.808421258,5.888790354,0.926115206
 C  19    C,32.9565,1,4.723319961,6.205984873,0.909998454
 C  20    A,30.78590909,1,5.225879906,6.590494505,0.936768834
 C  21    G,37.92521739,1,4.220644789,6.380751795,0.916879027
 C  22    G,52.42347826,1,3.257743704,5.921417937,0.92644583
 C  23    A,63.12818182,1,2.916606797,5.488743916,0.918400775
 C  24    U,80.4785,1,2.184339272,4.584596797,0.902480456
 C  25    G,100.6169565,1,1.634473295,4.083890227,0.886862183
 C  26    A,131.425,1,1.441036441,3.511616544,0.844361808
 C  27    A,151.0031818,1,1.462993825,3.336806121,0.764956854
 C  28    G,160.6834783,1,0.896946707,3.394119974,0.707702663
 C  29    U,133.442,1,1.04229747,3.818772135,0.803332969
 C  33    U,142.497,1,0.456858514,3.953049897,0.767338424
 C  34    U,152.014,1,0.373615001,3.716449431,0.740980262
 C  35    C,122.868,1,1.600785549,3.998106438,0.795826069
 C  36    U,142.7585,1,1.385655417,3.162923111,0.799879117
 C  37    U,114.988,1,1.87000434,3.606864866,0.793736413
 C  38    U,90.0175,1,2.246999992,4.258584332,0.860098448
 C  39    A,74.04227273,1,2.256241426,4.853486201,0.897353053
 C  40    U,58.8915,1,2.389514011,5.558890281,0.886366719
 C  41    C,50.1305,1,2.76230903,5.906589563,0.891742187
 C  42    C,35.705,1,3.911758757,6.654244172,0.92438164
 C  43    A,37.76818182,1,3.963283639,6.683204867,0.926302603
 C  44    U,33.746,1,5.024787514,7.002577512,0.918676808
 C  45    A,40.945,1,4.724049638,6.354781327,0.940250579
 C  46    C,17.3965,1,5.878693357,7.45414859,0.951320672
 C  47    C,14.686,1,5.50894103,7.98723161,0.939056807
 C  48    U,16.2815,1,4.776006075,7.826151307,0.944367044
 C  49    U,19.6125,1,4.973914945,7.450710705,0.936878207
 C  50    G,27.51826087,1,4.921035229,6.682075727,0.958615966
 C  51    G,39.46304348,1,4.299927769,5.779372158,0.95167805
 C  52    U,54.688,1,3.955373498,5.227427315,0.934095993
 C  53    G,73.90086957,1,2.799029376,4.678801061,0.883442277
 C  54    C,80.1505,1,2.467328128,4.604002051,0.883785666
 C  55    C,90.394,1,2.459219752,4.436370914,0.915369624
 C  56    G,90.80826087,1,1.721811359,4.36353281,0.882104315
 C  57    G,80.92478261,1,2.162694005,4.602727233,0.875232198
 C  58    G,69.3873913,1,2.337979452,4.819362865,0.871450451
 C  59    A,75.11363636,1,2.177539842,4.619818942,0.899689452
 C  60    C,88.3695,1,2.169446432,4.315457417,0.913496663
 C  61    G,115.0556522,1,1.686397224,3.64855812,0.852255538
 C  62    C,129.5075,1,1.363085711,3.709425843,0.771924351
 C  63    C,152.797,1,1.141698083,3.521336764,0.757012329
 C  64    G,150.8556522,1,0.252109885,3.770551311,0.667219904
 C  78    C,166.008,1,1.343928353,3.099390076,0.519179686
 C  79    G,187.8673913,1,-0.402140806,2.943532645,0.539242112
 C  80    G,151.5969565,1,0.305157123,3.542086059,0.739101726
 C  81    C,108.7355,1,1.496459128,4.003475861,0.859875787
 C  82    G,82.83,1,2.885003641,4.282081988,0.892364816
 C  83    C,70.2575,1,2.732233678,4.444941876,0.909763302
 C  84    C,94.9445,1,1.727668311,4.105611065,0.839360689
 C  85    U,139.696,1,0.88317326,3.522703462,0.726684135
 C  86    U,197.705,1,-0.413625948,2.770500158,0.615006047
 C  87    C,166.675,1,0.08753374,3.337917125,0.714354265
 C  88    C,171.6195,1,-0.216586021,3.41507677,0.747810837
 C  89    A,153.7109091,1,0.162036972,3.563724365,0.738997764
 C  98    G,179.7682609,1,-0.095782219,3.014035847,0.484473303
 C  99    G,164.4073913,1,0.335066706,3.091163243,0.547626237
 C 100    A,161.6559091,1,0.40498926,2.859326071,0.541536589
 C 101    A,152.0822727,1,0.564128764,3.06899396,0.686349493
 C 102    G,109.3273913,1,1.714004507,3.896054192,0.839077625
 C 103    G,99.90782609,1,1.614049926,4.08418281,0.882466478
 C 104    G,80.93130435,1,1.656539841,4.690826473,0.927665662
 C 105    U,83.389,1,1.633520869,4.42002171,0.895651545
 C 106    U,69.9235,1,2.706945599,4.899589709,0.888772455
 C 107    U,76.1315,1,2.355575851,4.627510037,0.912158831
 C 108    A,51.67909091,1,3.640709109,5.367542674,0.924046791
 C 109    U,71.4315,1,3.021821059,5.149737989,0.904597713
 C 110    A,40.39181818,1,4.179013808,5.908227396,0.938104857
 C 111    A,29.98727273,1,4.624844689,7.061384848,0.928789016
 C 112    G,21.3026087,1,4.592939648,7.532874696,0.922774891
 C 113    G,15.10652174,1,5.402223626,8.017690882,0.939052931
 C 114    C,11.807,1,6.792272117,8.968863476,0.957649313
 C 115    A,9.577727273,1,5.551329897,8.413197222,0.891396093
 C 116    A,10.29181818,1,4.755094491,8.53146638,0.880294585
 C 117    C,14.037,1,4.92892426,8.25005693,0.904785266
 C 118    A,18.92954545,1,4.318573916,7.780900976,0.856869269
 C 119    U,29.4435,1,3.772771916,6.970732175,0.840457538
 C 120    C,37.1975,1,3.461140586,6.610822317,0.854396079
 C 121    G,57.67913043,1,2.676427009,5.780090188,0.862496265
 C 122    A,119.6390909,1,1.445511539,3.765763458,0.790138149
 C 123    A,112.1127273,1,1.316253682,3.76548751,0.789085019
 C 124    C,119.8675,1,0.662378502,3.652215284,0.824045668
 C 125    A,149.4281818,1,-0.131437716,3.307938626,0.764116191
 C 126    U,186.62,1,-0.387501779,3.108633778,0.77184795
 C 127    A,181.8509091,1,-0.34621565,3.066256605,0.542096547
 D   2    G,168.0226087,1,0.025087301,3.899227876,0.778919314
 D   3    A,175.5359091,1,0.121361736,3.79053848,0.826197315
 D   4    A,135.7131818,1,0.986329835,3.831139656,0.763248654
 D   5    A,110.6245455,1,2.396864798,3.809952318,0.805206509
 D   6    C,89,1,3.171022071,3.769748774,0.86287027
 D   7    U,88.2385,1,2.209956936,3.442073392,0.838652001
 D   8    C,88.693,1,2.35908935,3.734828122,0.834298387
 D   9    C,95.548,1,2.33646732,4.06670446,0.847184658
 D  10    C,108.277,1,2.284161316,4.012442365,0.844025542
 D  11    G,115.9104348,1,1.969158652,3.790878492,0.824118925
 D  12    A,118.1509091,1,1.037335952,3.647494702,0.808779425
 D  13    C,114.6555,1,1.991052272,3.734527373,0.848283641
 D  14    U,99.5425,1,1.284588096,4.002648171,0.859517411
 D  15    U,82.582,1,1.928844445,4.64042251,0.91530811
 D  16    C,63.981,1,2.545146718,4.792071908,0.929170217
 D  17    C,48.943,1,3.785221332,5.314360306,0.918186167
 D  18    U,45.138,1,4.150030828,5.285388705,0.91309981
 D  19    C,49.396,1,4.073013665,4.975361896,0.914538338
 D  20    A,48.13772727,1,4.243482971,5.498773139,0.90893961
 D  21    G,54.84217391,1,3.41317195,5.507833697,0.892730583
 D  22    G,63.89478261,1,2.559130913,5.636998422,0.918934009
 D  23    A,108.0109091,1,0.804562709,4.251188752,0.853072919
 D  24    U,120.2635,1,0.486528328,3.829975236,0.800748544
 D  25    G,149.1708696,1,0.911800421,3.514599741,0.790892769
 D  26    A,156.9963636,1,0.661233874,3.371691659,0.657426891
 D  27    A,179.8809091,1,0.333138975,3.243482146,0.579914681
 D  28    G,190.9704348,1,-0.433925,3.061153174,0.564484425
 D  36    U,161.9535,1,1.186214245,3.101606915,0.733606494
 D  37    U,134.8875,1,1.536432196,3.534506303,0.759053418
 D  38    U,101.567,1,2.104117849,4.152358292,0.809299085
 D  39    A,106.9177273,1,0.863726062,4.143196783,0.838141031
 D  40    U,79.8795,1,1.135467836,5.198650151,0.861032706
 D  41    C,57.781,1,2.149970063,5.805000606,0.886195117
 D  42    C,46.6305,1,3.241356124,6.136484671,0.92527448
 D  43    A,48.30863636,1,3.880267195,5.847969467,0.914579997
 D  44    U,32.535,1,5.504925191,6.767715167,0.921024528
 D  45    A,27.63318182,1,5.478320379,6.859410612,0.947362848
 D  46    C,15.891,1,6.080681455,7.70198725,0.955065394
 D  47    C,15.972,1,5.832937142,7.877531022,0.953316295
 D  48    U,19.0705,1,5.169482107,7.577084257,0.932221727
 D  49    U,22.188,1,4.537673764,7.363988288,0.921525324
 D  50    G,30.8526087,1,4.502847153,6.480768636,0.938106682
 D  51    G,42.81826087,1,3.586444756,5.646349269,0.914616137
 D  52    U,50.6815,1,3.447891963,5.281554593,0.881655755
 D  53    G,77.4726087,1,2.742218517,4.690071087,0.825538288
 D  54    C,95.764,1,2.261424953,4.283532356,0.822415446
 D  55    C,125.1735,1,0.895522627,3.738119791,0.869167837
 D  56    G,107.0273913,1,1.529849357,3.936534023,0.909332649
 D  57    G,94.78043478,1,1.889053695,4.26725121,0.900815581
 D  58    G,86.49956522,1,1.896731257,4.459512449,0.883266223
 D  59    A,96.71590909,1,1.327744845,4.178922495,0.88065191
 D  60    C,118.684,1,1.245933425,3.682148963,0.890157148
 D  61    G,134.083913,1,1.114180282,3.508622047,0.804098903
 D  62    C,157.6655,1,1.044780042,3.165924839,0.644557704
 D  63    C,155.5445,1,0.65412004,3.592851727,0.604490431
 D  64    G,173.2886957,1,0.100497464,3.577121214,0.628916535
 D  65    A,144.9745455,1,-0.257379369,4.116469564,0.663208036
 D  80    G,149.3482609,1,0.062255253,3.649829123,0.744908488
 D  81    C,123.093,1,1.296068398,3.698925803,0.874401634
 D  82    G,80.50434783,1,2.696585474,4.134299774,0.83692257
 D  83    C,96.916,1,2.089438656,3.323610733,0.880808407
 D  84    C,106.4675,1,1.541352701,3.575307077,0.823554394
 D  85    U,168.0405,1,0.780730543,3.136364448,0.700381179
 D  86    U,198.67,1,-0.232602324,3.11714917,0.585805184
 D 100    A,162.315,1,0.767525259,3.363552343,0.663879256
 D 101    A,159.99,1,0.629089565,3.358478485,0.72839837
 D 102    G,130.8217391,1,0.985134504,3.635493781,0.790604933
 D 103    G,144.5986957,1,0.672821502,3.143825203,0.828473163
 D 104    G,131.4221739,1,1.057607581,3.309046106,0.847422417
 D 105    U,131.8555,1,0.906698559,3.220364498,0.740473649
 D 106    U,103.6435,1,1.890202916,3.859654865,0.854030993
 D 107    U,102.7995,1,1.732732698,4.022995606,0.881873927
 D 108    A,58.33,1,2.476496434,5.106582753,0.902251817
 D 109    U,82.5115,1,1.915116988,4.71265123,0.874832277
 D 110    A,44.67045455,1,2.664603603,5.277151288,0.916255518
 D 111    A,26.67272727,1,4.40960286,6.876777615,0.929696903
 D 112    G,23.59869565,1,5.363879741,7.268920599,0.934129705
 D 113    G,15.97217391,1,6.200971357,7.837902362,0.948224373
 D 114    C,13.452,1,6.181025613,8.700329758,0.942714323
 D 115    A,18.61545455,1,5.181080978,7.965185169,0.90869357
 D 116    A,16.93590909,1,4.606319639,8.333993554,0.899356739
 D 117    C,19.4665,1,4.842062666,7.965695618,0.919669094
 D 118    A,27.70409091,1,3.682033642,7.269666055,0.885164346
 D 119    U,37.5175,1,3.729310195,6.600584093,0.885577229
 D 120    C,40.4915,1,3.874054254,6.348004709,0.892388661
 D 121    G,66.3973913,1,3.020265449,5.215582227,0.909435038
 D 122    A,124.7259091,1,1.562193831,3.392208195,0.873282605
 D 123    A,111.8218182,1,1.470312961,3.581331282,0.859607241
 D 124    C,105.593,1,1.580400469,3.923034659,0.803308975
 D 125    A,138.2254545,1,0.700572045,3.525267924,0.802195105
 D 126    U,150.096,1,0.256265559,3.127863287,0.660399044
 E   5   DT,166.0845,1,0.834290221,3.08491685,0.644597386
 E   6   DA,161.1480952,1,0.674954542,3.059447448,0.691303877
 E   7   DT,141.0695,1,1.191675954,3.148169928,0.791230568
 E   8   DG,128.7086364,1,1.514309687,3.521723233,0.750535798
 E   9   DT,145.05,1,0.998007184,3.220085351,0.778592138
 E  10   DT,121.463,1,1.865506907,3.690077718,0.830656179
 E  11   DC,106.6521053,1,1.744833628,3.707445539,0.874813811
 E  12   DG,70.89818182,1,1.748098493,4.66189019,0.828099575
 E  13   DA,41.85,1,2.943317685,5.996896604,0.882968721
 E  14   DT,28.779,1,3.126403147,6.841672242,0.896079315
 E  15   DG,14.01863636,1,4.341472383,8.237040789,0.882166041
 E  16   DT,10.349,1,4.908907451,8.36779417,0.886504335
 E  17   DT,9.4795,1,5.200127903,8.90198266,0.878938224
 E  18   DG,10.96454545,1,5.550935542,9.109106609,0.875164818
 E  19   DC,17.25736842,1,5.790931109,8.176823247,0.944104451
 E  20   DA,28.59714286,1,4.403770076,7.489757832,0.922620244
 E  21   DC,33.60105263,1,3.700939043,6.734123829,0.914424945
 E  22   DT,35.236,1,3.488295329,6.447740294,0.923500163
 E  23   DA,44.08047619,1,3.15826315,6.094134336,0.910997751
 E  24   DG,54.00954545,1,2.620196128,5.793185415,0.902282595
 E  25   DA,58.69904762,1,2.097413918,5.324052805,0.882584409
 E  26   DC,48.99315789,1,2.762136496,5.296820843,0.85502525
 F   1   DG,139.3195455,1,1.409932066,3.838146284,0.760705064
 F   2   DT,139.153,1,1.025027982,3.819249277,0.708498855
 F   3   DT,138.261,1,0.194600332,3.706680791,0.740908481
 F   4   DA,152.1714286,1,0.331565721,3.446517595,0.732957422
 F   5   DT,143.8765,1,0.052903128,3.416974939,0.779221227
 F   6   DA,135.7085714,1,0.615698298,3.439545938,0.766960548
 F   7   DT,127.964,1,0.544799361,3.518238884,0.832595249
 F   8   DG,129.515,1,0.796446426,3.619927086,0.821589287
 F   9   DT,105.292,1,1.555971368,4.039974487,0.82409467
 F  10   DT,94.3345,1,1.918670641,4.168808568,0.873360799
 F  11   DC,78.78052632,1,2.596317115,4.465939933,0.940623151
 F  12   DG,71.70318182,1,2.341389748,4.535431355,0.904285444
 F  13   DA,48.37190476,1,3.051597951,5.606990199,0.908378329
 F  14   DT,36.205,1,3.635781635,6.54586323,0.91186436
 F  15   DG,28.44590909,1,3.56634359,7.103032124,0.891362016
 F  16   DT,18.363,1,4.769252516,7.674801433,0.886649886
 F  17   DT,15.002,1,5.166824863,8.279338867,0.872493515
 F  18   DG,14.25590909,1,5.51999845,8.911525945,0.894662749
 F  19   DC,18.75052632,1,5.59518363,7.999355258,0.946603339
 F  20   DA,23.62571429,1,4.864000252,7.573910024,0.925746986
 F  21   DC,31.01421053,1,4.490189945,6.761263514,0.917137634
 F  22   DT,32.7605,1,4.284468661,6.484313142,0.89991722
 F  23   DA,44.26047619,1,3.403987351,5.955620568,0.918293607
 F  24   DG,56.76363636,1,2.942013442,5.559934549,0.888264078
 F  25   DA,73.36904762,1,2.230268219,4.787404325,0.852673092
 F  26   DC,62.57421053,1,2.591107252,4.986628535,0.813685201
 G   1   DG,90.99636364,1,1.136478077,4.220013457,0.776893459
 G   2   DT,61.8795,1,2.739122512,5.273597526,0.837410767
 G   3   DC,56.65315789,1,2.878613798,5.521023309,0.856949848
 G   4   DT,64.073,1,2.334921759,4.919111355,0.834998064
 G   5   DA,40.58857143,1,2.840790458,5.899539833,0.877924346
 G   6   DG,29.06363636,1,4.013191962,6.858236507,0.915481079
 G   7   DT,25.414,1,4.671967471,7.442119769,0.941888846
 G   8   DG,23.32090909,1,5.92964935,7.754064302,0.935611515
 G   9   DC,32.67263158,1,5.661749591,7.347884075,0.936330443
 G  10   DA,76.45666667,1,3.560261841,5.521104759,0.896159451
 G  11   DA,122.3709524,1,1.673244614,4.040058095,0.773348721
 H   1   DG,72.82818182,1,1.889649218,4.67266192,0.834021408
 H   2   DT,64.226,1,3.134747785,5.012756534,0.859163252
 H   3   DC,63.13263158,1,2.998899076,5.143922538,0.859501368
 H   4   DT,49.7125,1,3.238654625,5.746158904,0.880681492
 H   5   DA,38.30142857,1,3.050103952,6.372527648,0.904208219
 H   6   DG,32.32590909,1,3.43150126,6.890561893,0.925105396
 H   7   DT,29.415,1,4.006696936,7.135904001,0.937079194
 H   8   DG,26.00636364,1,4.621938705,7.429641319,0.922905056
 H   9   DC,34.77210526,1,4.722679958,6.972486983,0.937873062
 H  10   DA,77.58571429,1,3.12806697,5.344985657,0.885343781
 H  11   DA,131.5357143,1,1.250575067,3.848935422,0.700565546
 A1401   ZN,61.53,1,9.513015372,12.34778969,0.945107537
 B1401   ZN,79.49,1,7.44234038,9.490224367,0.972135929